customer_id,first_name,last_name,gender,city,state,email,join_date
1,Rahul,Sharma,Male,Bhopal,Madhya Pradesh,rahul.sharma@gmail.com,10-01-2023
2,Priya,Verma,Female,Indore,Madhya Pradesh,priya.verma@gmail.com,15-01-2023
3,Amit,Patel,Male,Ahmedabad,Gujarat,amit.patel@gmail.com,20-01-2023
4,Neha,Singh,Female,Delhi,Delhi,neha.singh@gmail.com,25-01-2023
5,Rohan,Gupta,Male,Mumbai,Maharashtra,rohan.gupta@gmail.com,01-02-2023
6,Ananya,Mehta,Female,Pune,Maharashtra,ananya.mehta@gmail.com,05-02-2023
7,Vikas,Jain,Male,Jaipur,Rajasthan,vikas.jain@gmail.com,10-02-2023
8,Sneha,Rao,Female,Bangalore,Karnataka,sneha.rao@gmail.com,15-02-2023
9,Karan,Malhotra,Male,Chandigarh,Chandigarh,karan.malhotra@gmail.com,20-02-2023
10,Simran,Kaur,Female,Amritsar,Punjab,simran.kaur@gmail.com,25-02-2023
11,Arjun,Yadav,Male,Lucknow,Uttar Pradesh,arjun.yadav@gmail.com,01-03-2023
12,Pooja,Mishra,Female,Kanpur,Uttar Pradesh,pooja.mishra@gmail.com,05-03-2023
13,Raj,Kapoor,Male,Delhi,Delhi,raj.kapoor@gmail.com,10-03-2023
14,Isha,Nair,Female,Kochi,Kerala,isha.nair@gmail.com,15-03-2023
15,Manish,Reddy,Male,Hyderabad,Telangana,manish.reddy@gmail.com,20-03-2023
16,Kavya,Shah,Female,Surat,Gujarat,kavya.shah@gmail.com,25-03-2023
17,Aditya,Joshi,Male,Nagpur,Maharashtra,aditya.joshi@gmail.com,01-04-2023
18,Riya,Bose,Female,Kolkata,West Bengal,riya.bose@gmail.com,05-04-2023
19,Sahil,Agarwal,Male,Noida,Uttar Pradesh,sahil.agarwal@gmail.com,10-04-2023
20,Nidhi,Saxena,Female,Gwalior,Madhya Pradesh,nidhi.saxena@gmail.com,15-04-2023
21,Varun,Sethi,Male,Delhi,Delhi,varun.sethi@gmail.com,20-04-2023
22,Tanya,Arora,Female,Ludhiana,Punjab,tanya.arora@gmail.com,25-04-2023
23,Mohit,Chauhan,Male,Dehradun,Uttarakhand,mohit.chauhan@gmail.com,01-05-2023
24,Divya,Menon,Female,Chennai,Tamil Nadu,divya.menon@gmail.com,05-05-2023
25,Nitin,Pandey,Male,Patna,Bihar,nitin.pandey@gmail.com,10-05-2023
26,Shreya,Kulkarni,Female,Pune,Maharashtra,shreya.kulkarni@gmail.com,15-05-2023
27,Ravi,Singh,Male,Bhopal,Madhya Pradesh,ravi.singh@gmail.com,20-05-2023
28,Meera,Iyer,Female,Bangalore,Karnataka,meera.iyer@gmail.com,25-05-2023
29,Deepak,Raj,Male,Mumbai,Maharashtra,deepak.raj@gmail.com,01-06-2023
30,Aarti,Deshmukh,Female,Nashik,Maharashtra,aarti.deshmukh@gmail.com,05-06-2023
31,Harsh,Vyas,Male,Ahmedabad,Gujarat,harsh.vyas@gmail.com,10-06-2023
32,Pallavi,Das,Female,Kolkata,West Bengal,pallavi.das@gmail.com,15-06-2023
33,Rohit,Bansal,Male,Jaipur,Rajasthan,rohit.bansal@gmail.com,20-06-2023
34,Komal,Joshi,Female,Udaipur,Rajasthan,komal.joshi@gmail.com,25-06-2023
35,Yash,Tiwari,Male,Bhopal,Madhya Pradesh,yash.tiwari@gmail.com,01-07-2023
36,Akash,Sharma,Male,Indore,Madhya Pradesh,akash.sharma@gmail.com,05-07-2023
37,Sonali,Patil,Female,Mumbai,Maharashtra,sonali.patil@gmail.com,10-07-2023
38,Rakesh,Gupta,Male,Delhi,Delhi,rakesh.gupta@gmail.com,15-07-2023
39,Preeti,Soni,Female,Surat,Gujarat,preeti.soni@gmail.com,20-07-2023
40,Abhishek,Roy,Male,Kolkata,West Bengal,abhishek.roy@gmail.com,25-07-2023
41,Mansi,Sharma,Female,Pune,Maharashtra,mansi.sharma@gmail.com,01-08-2023
42,Saurabh,Verma,Male,Lucknow,Uttar Pradesh,saurabh.verma@gmail.com,05-08-2023
43,Ritika,Jain,Female,Delhi,Delhi,ritika.jain@gmail.com,10-08-2023
44,Ankit,Mehra,Male,Chandigarh,Chandigarh,ankit.mehra@gmail.com,15-08-2023
45,Namita,Rao,Female,Bangalore,Karnataka,namita.rao@gmail.com,20-08-2023
46,Shubham,Yadav,Male,Kanpur,Uttar Pradesh,shubham.yadav@gmail.com,25-08-2023
47,Alisha,Khan,Female,Hyderabad,Telangana,alisha.khan@gmail.com,01-09-2023
48,Pranav,Shah,Male,Surat,Gujarat,pranav.shah@gmail.com,05-09-2023
49,Monika,Ahuja,Female,Jaipur,Rajasthan,monika.ahuja@gmail.com,10-09-2023
50,Varsha,Nair,Female,Kochi,Kerala,varsha.nair@gmail.com,15-09-2023
51,Aman,Shukla,Male,Bhopal,Madhya Pradesh,aman.shukla@gmail.com,20-09-2023
52,Kriti,Gupta,Female,Indore,Madhya Pradesh,kriti.gupta@gmail.com,25-09-2023
53,Vivek,Patel,Male,Ahmedabad,Gujarat,vivek.patel@gmail.com,01-10-2023
54,Rashi,Singh,Female,Delhi,Delhi,rashi.singh@gmail.com,05-10-2023
55,Harshit,Gupta,Male,Mumbai,Maharashtra,harshit.gupta@gmail.com,10-10-2023
56,Naina,Mehta,Female,Pune,Maharashtra,naina.mehta@gmail.com,15-10-2023
57,Manav,Jain,Male,Jaipur,Rajasthan,manav.jain@gmail.com,20-10-2023
58,Ayesha,Rao,Female,Bangalore,Karnataka,ayesha.rao@gmail.com,25-10-2023
59,Kunal,Malhotra,Male,Chandigarh,Chandigarh,kunal.malhotra@gmail.com,01-11-2023
60,Jaspreet,Kaur,Female,Amritsar,Punjab,jaspreet.kaur@gmail.com,05-11-2023
61,Dev,Yadav,Male,Lucknow,Uttar Pradesh,dev.yadav@gmail.com,10-11-2023
62,Anjali,Mishra,Female,Kanpur,Uttar Pradesh,anjali.mishra@gmail.com,15-11-2023
63,Keshav,Kapoor,Male,Delhi,Delhi,keshav.kapoor@gmail.com,20-11-2023
64,Diya,Nair,Female,Kochi,Kerala,diya.nair@gmail.com,25-11-2023
65,Rajat,Reddy,Male,Hyderabad,Telangana,rajat.reddy@gmail.com,01-12-2023
66,Priyanshi,Shah,Female,Surat,Gujarat,priyanshi.shah@gmail.com,05-12-2023
67,Ayush,Joshi,Male,Nagpur,Maharashtra,ayush.joshi@gmail.com,10-12-2023
68,Sakshi,Bose,Female,Kolkata,West Bengal,sakshi.bose@gmail.com,15-12-2023
69,Rishabh,Agarwal,Male,Noida,Uttar Pradesh,rishabh.agarwal@gmail.com,20-12-2023
70,Isha,Saxena,Female,Gwalior,Madhya Pradesh,isha.saxena@gmail.com,25-12-2023
71,Arnav,Sethi,Male,Delhi,Delhi,arnav.sethi@gmail.com,01-01-2024
72,Simran,Arora,Female,Ludhiana,Punjab,simran.arora@gmail.com,05-01-2024
73,Yuvraj,Chauhan,Male,Dehradun,Uttarakhand,yuvraj.chauhan@gmail.com,10-01-2024
74,Nisha,Menon,Female,Chennai,Tamil Nadu,nisha.menon@gmail.com,15-01-2024
75,Prateek,Pandey,Male,Patna,Bihar,prateek.pandey@gmail.com,20-01-2024
76,Shivani,Kulkarni,Female,Pune,Maharashtra,shivani.kulkarni@gmail.com,25-01-2024
77,Varun,Singh,Male,Bhopal,Madhya Pradesh,varun.singh@gmail.com,01-02-2024
78,Rhea,Iyer,Female,Bangalore,Karnataka,rhea.iyer@gmail.com,05-02-2024
79,Ashish,Raj,Male,Mumbai,Maharashtra,ashish.raj@gmail.com,10-02-2024
80,Priya,Deshmukh,Female,Nashik,Maharashtra,priya.deshmukh@gmail.com,15-02-2024
81,Hemant,Vyas,Male,Ahmedabad,Gujarat,hemant.vyas@gmail.com,20-02-2024
82,Tanvi,Das,Female,Kolkata,West Bengal,tanvi.das@gmail.com,25-02-2024
83,Akshay,Bansal,Male,Jaipur,Rajasthan,akshay.bansal@gmail.com,01-03-2024
84,Rupal,Joshi,Female,Udaipur,Rajasthan,rupal.joshi@gmail.com,05-03-2024
85,Kartik,Sharma,Male,Bhopal,Madhya Pradesh,kartik.sharma@gmail.com,10-03-2024
86,Aditi,Verma,Female,Indore,Madhya Pradesh,aditi.verma@gmail.com,15-03-2024
87,Rohit,Patil,Male,Mumbai,Maharashtra,rohit.patil@gmail.com,20-03-2024
88,Swati,Gupta,Female,Delhi,Delhi,swati.gupta@gmail.com,25-03-2024
89,Vinay,Soni,Male,Surat,Gujarat,vinay.soni@gmail.com,01-04-2024
90,Shreya,Roy,Female,Kolkata,West Bengal,shreya.roy@gmail.com,05-04-2024
91,Adarsh,Mehta,Male,Pune,Maharashtra,adarsh.mehta@gmail.com,10-04-2024
92,Kirti,Sharma,Female,Delhi,Delhi,kirti.sharma@gmail.com,15-04-2024
93,Rohan,Verma,Male,Lucknow,Uttar Pradesh,rohan.verma@gmail.com,20-04-2024
94,Neelam,Yadav,Female,Kanpur,Uttar Pradesh,neelam.yadav@gmail.com,25-04-2024
95,Siddharth,Khan,Male,Hyderabad,Telangana,siddharth.khan@gmail.com,01-05-2024
96,Muskan,Shah,Female,Surat,Gujarat,muskan.shah@gmail.com,05-05-2024
97,Anurag,Rao,Male,Bangalore,Karnataka,anurag.rao@gmail.com,10-05-2024
98,Ritika,Das,Female,Kolkata,West Bengal,ritika.das@gmail.com,15-05-2024
99,Nikhil,Jain,Male,Jaipur,Rajasthan,nikhil.jain@gmail.com,20-05-2024
100,Payal,Ahuja,Female,Delhi,Delhi,payal.ahuja@gmail.com,25-05-2024
101,Aarav,Sharma,Male,Bhopal,Madhya Pradesh,aarav.sharma@gmail.com,01-06-2024
102,Ananya,Verma,Female,Indore,Madhya Pradesh,ananya.verma@gmail.com,05-06-2024
103,Rajiv,Patel,Male,Ahmedabad,Gujarat,rajiv.patel@gmail.com,10-06-2024
104,Priya,Singh,Female,Delhi,Delhi,priya.singh@gmail.com,15-06-2024
105,Sameer,Gupta,Male,Mumbai,Maharashtra,sameer.gupta@gmail.com,20-06-2024
106,Ishita,Mehta,Female,Pune,Maharashtra,ishita.mehta@gmail.com,25-06-2024
107,Manish,Jain,Male,Jaipur,Rajasthan,manish.jain@gmail.com,01-07-2024
108,Riya,Rao,Female,Bangalore,Karnataka,riya.rao@gmail.com,05-07-2024
109,Kunal,Malhotra,Male,Chandigarh,Chandigarh,kunal.malhotra2@gmail.com,10-07-2024
110,Simran,Kaur,Female,Amritsar,Punjab,simran.kaur2@gmail.com,15-07-2024
111,Arjun,Yadav,Male,Lucknow,Uttar Pradesh,arjun.yadav2@gmail.com,20-07-2024
112,Pooja,Mishra,Female,Kanpur,Uttar Pradesh,pooja.mishra2@gmail.com,25-07-2024
113,Rahul,Kapoor,Male,Delhi,Delhi,rahul.kapoor@gmail.com,01-08-2024
114,Isha,Nair,Female,Kochi,Kerala,isha.nair2@gmail.com,05-08-2024
115,Manav,Reddy,Male,Hyderabad,Telangana,manav.reddy@gmail.com,10-08-2024
116,Kavita,Shah,Female,Surat,Gujarat,kavita.shah@gmail.com,15-08-2024
117,Aditya,Joshi,Male,Nagpur,Maharashtra,aditya.joshi2@gmail.com,20-08-2024
118,Riya,Bose,Female,Kolkata,West Bengal,riya.bose2@gmail.com,25-08-2024
119,Sahil,Agarwal,Male,Noida,Uttar Pradesh,sahil.agarwal2@gmail.com,01-09-2024
120,Nidhi,Saxena,Female,Gwalior,Madhya Pradesh,nidhi.saxena2@gmail.com,05-09-2024
121,Varun,Sethi,Male,Delhi,Delhi,varun.sethi2@gmail.com,10-09-2024
122,Tanya,Arora,Female,Ludhiana,Punjab,tanya.arora2@gmail.com,15-09-2024
123,Mohit,Chauhan,Male,Dehradun,Uttarakhand,mohit.chauhan2@gmail.com,20-09-2024
124,Divya,Menon,Female,Chennai,Tamil Nadu,divya.menon2@gmail.com,25-09-2024
125,Nitin,Pandey,Male,Patna,Bihar,nitin.pandey2@gmail.com,01-10-2024
126,Shreya,Kulkarni,Female,Pune,Maharashtra,shreya.kulkarni2@gmail.com,05-10-2024
127,Ravi,Singh,Male,Bhopal,Madhya Pradesh,ravi.singh2@gmail.com,10-10-2024
128,Meera,Iyer,Female,Bangalore,Karnataka,meera.iyer2@gmail.com,15-10-2024
129,Deepak,Raj,Male,Mumbai,Maharashtra,deepak.raj2@gmail.com,20-10-2024
130,Aarti,Deshmukh,Female,Nashik,Maharashtra,aarti.deshmukh2@gmail.com,25-10-2024
131,Harsh,Vyas,Male,Ahmedabad,Gujarat,harsh.vyas2@gmail.com,01-11-2024
132,Pallavi,Das,Female,Kolkata,West Bengal,pallavi.das2@gmail.com,05-11-2024
133,Rohit,Bansal,Male,Jaipur,Rajasthan,rohit.bansal2@gmail.com,10-11-2024
134,Komal,Joshi,Female,Udaipur,Rajasthan,komal.joshi2@gmail.com,15-11-2024
135,Yash,Tiwari,Male,Bhopal,Madhya Pradesh,yash.tiwari2@gmail.com,20-11-2024
136,Akash,Sharma,Male,Indore,Madhya Pradesh,akash.sharma2@gmail.com,25-11-2024
137,Sonali,Patil,Female,Mumbai,Maharashtra,sonali.patil2@gmail.com,01-12-2024
138,Rakesh,Gupta,Male,Delhi,Delhi,rakesh.gupta2@gmail.com,05-12-2024
139,Preeti,Soni,Female,Surat,Gujarat,preeti.soni2@gmail.com,10-12-2024
140,Abhishek,Roy,Male,Kolkata,West Bengal,abhishek.roy2@gmail.com,15-12-2024
141,Mansi,Sharma,Female,Pune,Maharashtra,mansi.sharma2@gmail.com,20-12-2024
142,Saurabh,Verma,Male,Lucknow,Uttar Pradesh,saurabh.verma2@gmail.com,25-12-2024
143,Ritika,Jain,Female,Delhi,Delhi,ritika.jain2@gmail.com,01-01-2025
144,Ankit,Mehra,Male,Chandigarh,Chandigarh,ankit.mehra2@gmail.com,05-01-2025
145,Namita,Rao,Female,Bangalore,Karnataka,namita.rao2@gmail.com,10-01-2025
146,Shubham,Yadav,Male,Kanpur,Uttar Pradesh,shubham.yadav2@gmail.com,15-01-2025
147,Alisha,Khan,Female,Hyderabad,Telangana,alisha.khan2@gmail.com,20-01-2025
148,Pranav,Shah,Male,Surat,Gujarat,pranav.shah2@gmail.com,25-01-2025
149,Monika,Ahuja,Female,Jaipur,Rajasthan,monika.ahuja2@gmail.com,01-02-2025
150,Varsha,Nair,Female,Kochi,Kerala,varsha.nair2@gmail.com,05-02-2025
151,Aman,Shukla,Male,Bhopal,Madhya Pradesh,aman.shukla2@gmail.com,10-02-2025
152,Kriti,Gupta,Female,Indore,Madhya Pradesh,kriti.gupta2@gmail.com,15-02-2025
153,Vivek,Patel,Male,Ahmedabad,Gujarat,vivek.patel2@gmail.com,20-02-2025
154,Rashi,Singh,Female,Delhi,Delhi,rashi.singh2@gmail.com,25-02-2025
155,Harshit,Gupta,Male,Mumbai,Maharashtra,harshit.gupta2@gmail.com,01-03-2025
156,Naina,Mehta,Female,Pune,Maharashtra,naina.mehta2@gmail.com,05-03-2025
157,Manav,Jain,Male,Jaipur,Rajasthan,manav.jain2@gmail.com,10-03-2025
158,Ayesha,Rao,Female,Bangalore,Karnataka,ayesha.rao2@gmail.com,15-03-2025
159,Kunal,Sethi,Male,Chandigarh,Chandigarh,kunal.sethi@gmail.com,20-03-2025
160,Jaspreet,Kaur,Female,Amritsar,Punjab,jaspreet.kaur2@gmail.com,25-03-2025
161,Dev,Yadav,Male,Lucknow,Uttar Pradesh,dev.yadav2@gmail.com,01-04-2025
162,Anjali,Mishra,Female,Kanpur,Uttar Pradesh,anjali.mishra2@gmail.com,05-04-2025
163,Keshav,Kapoor,Male,Delhi,Delhi,keshav.kapoor2@gmail.com,10-04-2025
164,Diya,Nair,Female,Kochi,Kerala,diya.nair2@gmail.com,15-04-2025
165,Rajat,Reddy,Male,Hyderabad,Telangana,rajat.reddy2@gmail.com,20-04-2025
166,Priyanshi,Shah,Female,Surat,Gujarat,priyanshi.shah2@gmail.com,25-04-2025
167,Ayush,Joshi,Male,Nagpur,Maharashtra,ayush.joshi2@gmail.com,01-05-2025
168,Sakshi,Bose,Female,Kolkata,West Bengal,sakshi.bose2@gmail.com,05-05-2025
169,Rishabh,Agarwal,Male,Noida,Uttar Pradesh,rishabh.agarwal2@gmail.com,10-05-2025
170,Isha,Saxena,Female,Gwalior,Madhya Pradesh,isha.saxena2@gmail.com,15-05-2025
171,Arnav,Sethi,Male,Delhi,Delhi,arnav.sethi2@gmail.com,20-05-2025
172,Simran,Arora,Female,Ludhiana,Punjab,simran.arora2@gmail.com,25-05-2025
173,Yuvraj,Chauhan,Male,Dehradun,Uttarakhand,yuvraj.chauhan2@gmail.com,01-06-2025
174,Nisha,Menon,Female,Chennai,Tamil Nadu,nisha.menon2@gmail.com,05-06-2025
175,Prateek,Pandey,Male,Patna,Bihar,prateek.pandey2@gmail.com,10-06-2025
176,Shivani,Kulkarni,Female,Pune,Maharashtra,shivani.kulkarni2@gmail.com,15-06-2025
177,Varun,Singh,Male,Bhopal,Madhya Pradesh,varun.singh2@gmail.com,20-06-2025
178,Rhea,Iyer,Female,Bangalore,Karnataka,rhea.iyer2@gmail.com,25-06-2025
179,Ashish,Raj,Male,Mumbai,Maharashtra,ashish.raj2@gmail.com,01-07-2025
180,Priya,Deshmukh,Female,Nashik,Maharashtra,priya.deshmukh2@gmail.com,05-07-2025
181,Hemant,Vyas,Male,Ahmedabad,Gujarat,hemant.vyas2@gmail.com,10-07-2025
182,Tanvi,Das,Female,Kolkata,West Bengal,tanvi.das2@gmail.com,15-07-2025
183,Akshay,Bansal,Male,Jaipur,Rajasthan,akshay.bansal2@gmail.com,20-07-2025
184,Rupal,Joshi,Female,Udaipur,Rajasthan,rupal.joshi2@gmail.com,25-07-2025
185,Kartik,Sharma,Male,Bhopal,Madhya Pradesh,kartik.sharma2@gmail.com,01-08-2025
186,Aditi,Verma,Female,Indore,Madhya Pradesh,aditi.verma2@gmail.com,05-08-2025
187,Rohit,Patil,Male,Mumbai,Maharashtra,rohit.patil2@gmail.com,10-08-2025
188,Swati,Gupta,Female,Delhi,Delhi,swati.gupta2@gmail.com,15-08-2025
189,Vinay,Soni,Male,Surat,Gujarat,vinay.soni2@gmail.com,20-08-2025
190,Shreya,Roy,Female,Kolkata,West Bengal,shreya.roy2@gmail.com,25-08-2025
191,Adarsh,Mehta,Male,Pune,Maharashtra,adarsh.mehta2@gmail.com,01-09-2025
192,Kirti,Sharma,Female,Delhi,Delhi,kirti.sharma2@gmail.com,05-09-2025
193,Rohan,Verma,Male,Lucknow,Uttar Pradesh,rohan.verma2@gmail.com,10-09-2025
194,Neelam,Yadav,Female,Kanpur,Uttar Pradesh,neelam.yadav2@gmail.com,15-09-2025
195,Siddharth,Khan,Male,Hyderabad,Telangana,siddharth.khan2@gmail.com,20-09-2025
196,Muskan,Shah,Female,Surat,Gujarat,muskan.shah2@gmail.com,25-09-2025
197,Anurag,Rao,Male,Bangalore,Karnataka,anurag.rao2@gmail.com,01-10-2025
198,Ritika,Das,Female,Kolkata,West Bengal,ritika.das2@gmail.com,05-10-2025
199,Nikhil,Jain,Male,Jaipur,Rajasthan,nikhil.jain2@gmail.com,10-10-2025
200,Payal,Ahuja,Female,Delhi,Delhi,payal.ahuja2@gmail.com,15-10-2025
201,Rahul,Mehta,Male,Mumbai,Maharashtra,rahul.mehta@gmail.com,20-10-2025
202,Priya,Sharma,Female,Bhopal,Madhya Pradesh,priya.sharma2@gmail.com,25-10-2025
203,Amit,Verma,Male,Indore,Madhya Pradesh,amit.verma@gmail.com,01-11-2025
204,Neha,Patel,Female,Ahmedabad,Gujarat,neha.patel@gmail.com,05-11-2025
205,Rohan,Singh,Male,Delhi,Delhi,rohan.singh@gmail.com,10-11-2025
206,Ananya,Gupta,Female,Mumbai,Maharashtra,ananya.gupta@gmail.com,15-11-2025
207,Vikas,Mehta,Male,Pune,Maharashtra,vikas.mehta@gmail.com,20-11-2025
208,Sneha,Jain,Female,Jaipur,Rajasthan,sneha.jain@gmail.com,25-11-2025
209,Karan,Rao,Male,Bangalore,Karnataka,karan.rao@gmail.com,01-12-2025
210,Simran,Shah,Female,Surat,Gujarat,simran.shah@gmail.com,05-12-2025
211,Arjun,Gupta,Male,Delhi,Delhi,arjun.gupta@gmail.com,10-12-2025
212,Pooja,Singh,Female,Lucknow,Uttar Pradesh,pooja.singh@gmail.com,15-12-2025
213,Raj,Yadav,Male,Kanpur,Uttar Pradesh,raj.yadav@gmail.com,20-12-2025
214,Isha,Kapoor,Female,Delhi,Delhi,isha.kapoor@gmail.com,25-12-2025
215,Manish,Nair,Male,Kochi,Kerala,manish.nair@gmail.com,01-01-2026
216,Kavya,Reddy,Female,Hyderabad,Telangana,kavya.reddy@gmail.com,05-01-2026
217,Aditya,Joshi,Male,Nagpur,Maharashtra,aditya.joshi3@gmail.com,10-01-2026
218,Riya,Bose,Female,Kolkata,West Bengal,riya.bose3@gmail.com,15-01-2026
219,Sahil,Agarwal,Male,Noida,Uttar Pradesh,sahil.agarwal3@gmail.com,20-01-2026
220,Nidhi,Saxena,Female,Gwalior,Madhya Pradesh,nidhi.saxena3@gmail.com,25-01-2026
221,Varun,Sethi,Male,Delhi,Delhi,varun.sethi3@gmail.com,01-02-2026
222,Tanya,Arora,Female,Ludhiana,Punjab,tanya.arora3@gmail.com,05-02-2026
223,Mohit,Chauhan,Male,Dehradun,Uttarakhand,mohit.chauhan3@gmail.com,10-02-2026
224,Divya,Menon,Female,Chennai,Tamil Nadu,divya.menon3@gmail.com,15-02-2026
225,Nitin,Pandey,Male,Patna,Bihar,nitin.pandey3@gmail.com,20-02-2026
226,Shreya,Kulkarni,Female,Pune,Maharashtra,shreya.kulkarni3@gmail.com,25-02-2026
227,Ravi,Singh,Male,Bhopal,Madhya Pradesh,ravi.singh3@gmail.com,01-03-2026
228,Meera,Iyer,Female,Bangalore,Karnataka,meera.iyer3@gmail.com,05-03-2026
229,Deepak,Raj,Male,Mumbai,Maharashtra,deepak.raj3@gmail.com,10-03-2026
230,Aarti,Deshmukh,Female,Nashik,Maharashtra,aarti.deshmukh3@gmail.com,15-03-2026
231,Harsh,Vyas,Male,Ahmedabad,Gujarat,harsh.vyas3@gmail.com,20-03-2026
232,Pallavi,Das,Female,Kolkata,West Bengal,pallavi.das3@gmail.com,25-03-2026
233,Rohit,Bansal,Male,Jaipur,Rajasthan,rohit.bansal3@gmail.com,01-04-2026
234,Komal,Joshi,Female,Udaipur,Rajasthan,komal.joshi3@gmail.com,05-04-2026
235,Yash,Tiwari,Male,Bhopal,Madhya Pradesh,yash.tiwari3@gmail.com,10-04-2026
236,Akash,Sharma,Male,Indore,Madhya Pradesh,akash.sharma3@gmail.com,15-04-2026
237,Sonali,Patil,Female,Mumbai,Maharashtra,sonali.patil3@gmail.com,20-04-2026
238,Rakesh,Gupta,Male,Delhi,Delhi,rakesh.gupta3@gmail.com,25-04-2026
239,Preeti,Soni,Female,Surat,Gujarat,preeti.soni3@gmail.com,01-05-2026
240,Abhishek,Roy,Male,Kolkata,West Bengal,abhishek.roy3@gmail.com,05-05-2026
241,Mansi,Sharma,Female,Pune,Maharashtra,mansi.sharma3@gmail.com,10-05-2026
242,Saurabh,Verma,Male,Lucknow,Uttar Pradesh,saurabh.verma3@gmail.com,15-05-2026
243,Ritika,Jain,Female,Delhi,Delhi,ritika.jain3@gmail.com,20-05-2026
244,Ankit,Mehra,Male,Chandigarh,Chandigarh,ankit.mehra3@gmail.com,25-05-2026
245,Namita,Rao,Female,Bangalore,Karnataka,namita.rao3@gmail.com,01-06-2026
246,Shubham,Yadav,Male,Kanpur,Uttar Pradesh,shubham.yadav3@gmail.com,05-06-2026
247,Alisha,Khan,Female,Hyderabad,Telangana,alisha.khan3@gmail.com,10-06-2026
248,Pranav,Shah,Male,Surat,Gujarat,pranav.shah3@gmail.com,15-06-2026
249,Monika,Ahuja,Female,Jaipur,Rajasthan,monika.ahuja3@gmail.com,20-06-2026
250,Varsha,Nair,Female,Kochi,Kerala,varsha.nair3@gmail.com,25-06-2026
251,Aman,Shukla,Male,Bhopal,Madhya Pradesh,aman.shukla3@gmail.com,01-07-2026
252,Kriti,Gupta,Female,Indore,Madhya Pradesh,kriti.gupta3@gmail.com,05-07-2026
253,Vivek,Patel,Male,Ahmedabad,Gujarat,vivek.patel3@gmail.com,10-07-2026
254,Rashi,Singh,Female,Delhi,Delhi,rashi.singh3@gmail.com,15-07-2026
255,Harshit,Gupta,Male,Mumbai,Maharashtra,harshit.gupta3@gmail.com,20-07-2026
256,Naina,Mehta,Female,Pune,Maharashtra,naina.mehta3@gmail.com,25-07-2026
257,Manav,Jain,Male,Jaipur,Rajasthan,manav.jain3@gmail.com,01-08-2026
258,Ayesha,Rao,Female,Bangalore,Karnataka,ayesha.rao3@gmail.com,05-08-2026
259,Kunal,Sethi,Male,Chandigarh,Chandigarh,kunal.sethi3@gmail.com,10-08-2026
260,Jaspreet,Kaur,Female,Amritsar,Punjab,jaspreet.kaur3@gmail.com,15-08-2026
261,Dev,Yadav,Male,Lucknow,Uttar Pradesh,dev.yadav3@gmail.com,20-08-2026
262,Anjali,Mishra,Female,Kanpur,Uttar Pradesh,anjali.mishra3@gmail.com,25-08-2026
263,Keshav,Kapoor,Male,Delhi,Delhi,keshav.kapoor3@gmail.com,01-09-2026
264,Diya,Nair,Female,Kochi,Kerala,diya.nair3@gmail.com,05-09-2026
265,Rajat,Reddy,Male,Hyderabad,Telangana,rajat.reddy3@gmail.com,10-09-2026
266,Priyanshi,Shah,Female,Surat,Gujarat,priyanshi.shah3@gmail.com,15-09-2026
267,Ayush,Joshi,Male,Nagpur,Maharashtra,ayush.joshi3@gmail.com,20-09-2026
268,Sakshi,Bose,Female,Kolkata,West Bengal,sakshi.bose3@gmail.com,25-09-2026
269,Rishabh,Agarwal,Male,Noida,Uttar Pradesh,rishabh.agarwal3@gmail.com,01-10-2026
270,Isha,Saxena,Female,Gwalior,Madhya Pradesh,isha.saxena3@gmail.com,05-10-2026
271,Arnav,Sethi,Male,Delhi,Delhi,arnav.sethi3@gmail.com,10-10-2026
272,Simran,Arora,Female,Ludhiana,Punjab,simran.arora3@gmail.com,15-10-2026
273,Yuvraj,Chauhan,Male,Dehradun,Uttarakhand,yuvraj.chauhan3@gmail.com,20-10-2026
274,Nisha,Menon,Female,Chennai,Tamil Nadu,nisha.menon3@gmail.com,25-10-2026
275,Prateek,Pandey,Male,Patna,Bihar,prateek.pandey3@gmail.com,01-11-2026
276,Shivani,Kulkarni,Female,Pune,Maharashtra,shivani.kulkarni3@gmail.com,05-11-2026
277,Varun,Singh,Male,Bhopal,Madhya Pradesh,varun.singh3@gmail.com,10-11-2026
278,Rhea,Iyer,Female,Bangalore,Karnataka,rhea.iyer3@gmail.com,15-11-2026
279,Ashish,Raj,Male,Mumbai,Maharashtra,ashish.raj3@gmail.com,20-11-2026
280,Priya,Deshmukh,Female,Nashik,Maharashtra,priya.deshmukh3@gmail.com,25-11-2026
281,Hemant,Vyas,Male,Ahmedabad,Gujarat,hemant.vyas3@gmail.com,01-12-2026
282,Tanvi,Das,Female,Kolkata,West Bengal,tanvi.das3@gmail.com,05-12-2026
283,Akshay,Bansal,Male,Jaipur,Rajasthan,akshay.bansal3@gmail.com,10-12-2026
284,Rupal,Joshi,Female,Udaipur,Rajasthan,rupal.joshi3@gmail.com,15-12-2026
285,Kartik,Sharma,Male,Bhopal,Madhya Pradesh,kartik.sharma3@gmail.com,20-12-2026
286,Aditi,Verma,Female,Indore,Madhya Pradesh,aditi.verma3@gmail.com,25-12-2026
287,Rohit,Patil,Male,Mumbai,Maharashtra,rohit.patil3@gmail.com,01-01-2027
288,Swati,Gupta,Female,Delhi,Delhi,swati.gupta3@gmail.com,05-01-2027
289,Vinay,Soni,Male,Surat,Gujarat,vinay.soni3@gmail.com,10-01-2027
290,Shreya,Roy,Female,Kolkata,West Bengal,shreya.roy3@gmail.com,15-01-2027
291,Adarsh,Mehta,Male,Pune,Maharashtra,adarsh.mehta3@gmail.com,20-01-2027
292,Kirti,Sharma,Female,Delhi,Delhi,kirti.sharma3@gmail.com,25-01-2027
293,Rohan,Verma,Male,Lucknow,Uttar Pradesh,rohan.verma3@gmail.com,01-02-2027
294,Neelam,Yadav,Female,Kanpur,Uttar Pradesh,neelam.yadav3@gmail.com,05-02-2027
295,Siddharth,Khan,Male,Hyderabad,Telangana,siddharth.khan3@gmail.com,10-02-2027
296,Muskan,Shah,Female,Surat,Gujarat,muskan.shah3@gmail.com,15-02-2027
297,Anurag,Rao,Male,Bangalore,Karnataka,anurag.rao3@gmail.com,20-02-2027
298,Ritika,Das,Female,Kolkata,West Bengal,ritika.das3@gmail.com,25-02-2027
299,Nikhil,Jain,Male,Jaipur,Rajasthan,nikhil.jain3@gmail.com,01-03-2027
300,Payal,Ahuja,Female,Delhi,Delhi,payal.ahuja3@gmail.com,05-03-2027
301,Rahul,Sharma,Male,Bhopal,Madhya Pradesh,rahul.sharma301@gmail.com,10-03-2027
302,Priya,Verma,Female,Indore,Madhya Pradesh,priya.verma301@gmail.com,15-03-2027
303,Amit,Patel,Male,Ahmedabad,Gujarat,amit.patel301@gmail.com,20-03-2027
304,Neha,Singh,Female,Delhi,Delhi,neha.singh301@gmail.com,25-03-2027
305,Rohan,Gupta,Male,Mumbai,Maharashtra,rohan.gupta301@gmail.com,01-04-2027
306,Ananya,Mehta,Female,Pune,Maharashtra,ananya.mehta301@gmail.com,05-04-2027
307,Vikas,Jain,Male,Jaipur,Rajasthan,vikas.jain301@gmail.com,10-04-2027
308,Sneha,Rao,Female,Bangalore,Karnataka,sneha.rao301@gmail.com,15-04-2027
309,Karan,Malhotra,Male,Chandigarh,Chandigarh,karan.malhotra301@gmail.com,20-04-2027
310,Simran,Kaur,Female,Amritsar,Punjab,simran.kaur301@gmail.com,25-04-2027
311,Arjun,Yadav,Male,Lucknow,Uttar Pradesh,arjun.yadav301@gmail.com,01-05-2027
312,Pooja,Mishra,Female,Kanpur,Uttar Pradesh,pooja.mishra301@gmail.com,05-05-2027
313,Raj,Kapoor,Male,Delhi,Delhi,raj.kapoor301@gmail.com,10-05-2027
314,Isha,Nair,Female,Kochi,Kerala,isha.nair301@gmail.com,15-05-2027
315,Manish,Reddy,Male,Hyderabad,Telangana,manish.reddy301@gmail.com,20-05-2027
316,Kavya,Shah,Female,Surat,Gujarat,kavya.shah301@gmail.com,25-05-2027
317,Aditya,Joshi,Male,Nagpur,Maharashtra,aditya.joshi301@gmail.com,01-06-2027
318,Riya,Bose,Female,Kolkata,West Bengal,riya.bose301@gmail.com,05-06-2027
319,Sahil,Agarwal,Male,Noida,Uttar Pradesh,sahil.agarwal301@gmail.com,10-06-2027
320,Nidhi,Saxena,Female,Gwalior,Madhya Pradesh,nidhi.saxena301@gmail.com,15-06-2027
321,Varun,Sethi,Male,Delhi,Delhi,varun.sethi301@gmail.com,20-06-2027
322,Tanya,Arora,Female,Ludhiana,Punjab,tanya.arora301@gmail.com,25-06-2027
323,Mohit,Chauhan,Male,Dehradun,Uttarakhand,mohit.chauhan301@gmail.com,01-07-2027
324,Divya,Menon,Female,Chennai,Tamil Nadu,divya.menon301@gmail.com,05-07-2027
325,Nitin,Pandey,Male,Patna,Bihar,nitin.pandey301@gmail.com,10-07-2027
326,Shreya,Kulkarni,Female,Pune,Maharashtra,shreya.kulkarni301@gmail.com,15-07-2027
327,Ravi,Singh,Male,Bhopal,Madhya Pradesh,ravi.singh301@gmail.com,20-07-2027
328,Meera,Iyer,Female,Bangalore,Karnataka,meera.iyer301@gmail.com,25-07-2027
329,Deepak,Raj,Male,Mumbai,Maharashtra,deepak.raj301@gmail.com,01-08-2027
330,Aarti,Deshmukh,Female,Nashik,Maharashtra,aarti.deshmukh301@gmail.com,05-08-2027
331,Harsh,Vyas,Male,Ahmedabad,Gujarat,harsh.vyas301@gmail.com,10-08-2027
332,Pallavi,Das,Female,Kolkata,West Bengal,pallavi.das301@gmail.com,15-08-2027
333,Rohit,Bansal,Male,Jaipur,Rajasthan,rohit.bansal301@gmail.com,20-08-2027
334,Komal,Joshi,Female,Udaipur,Rajasthan,komal.joshi301@gmail.com,25-08-2027
335,Yash,Tiwari,Male,Bhopal,Madhya Pradesh,yash.tiwari301@gmail.com,01-09-2027
336,Akash,Sharma,Male,Indore,Madhya Pradesh,akash.sharma301@gmail.com,05-09-2027
337,Sonali,Patil,Female,Mumbai,Maharashtra,sonali.patil301@gmail.com,10-09-2027
338,Rakesh,Gupta,Male,Delhi,Delhi,rakesh.gupta301@gmail.com,15-09-2027
339,Preeti,Soni,Female,Surat,Gujarat,preeti.soni301@gmail.com,20-09-2027
340,Abhishek,Roy,Male,Kolkata,West Bengal,abhishek.roy301@gmail.com,25-09-2027
341,Mansi,Sharma,Female,Pune,Maharashtra,mansi.sharma301@gmail.com,01-10-2027
342,Saurabh,Verma,Male,Lucknow,Uttar Pradesh,saurabh.verma301@gmail.com,05-10-2027
343,Ritika,Jain,Female,Delhi,Delhi,ritika.jain301@gmail.com,10-10-2027
344,Ankit,Mehra,Male,Chandigarh,Chandigarh,ankit.mehra301@gmail.com,15-10-2027
345,Namita,Rao,Female,Bangalore,Karnataka,namita.rao301@gmail.com,20-10-2027
346,Shubham,Yadav,Male,Kanpur,Uttar Pradesh,shubham.yadav301@gmail.com,25-10-2027
347,Alisha,Khan,Female,Hyderabad,Telangana,alisha.khan301@gmail.com,01-11-2027
348,Pranav,Shah,Male,Surat,Gujarat,pranav.shah301@gmail.com,05-11-2027
349,Monika,Ahuja,Female,Jaipur,Rajasthan,monika.ahuja301@gmail.com,10-11-2027
350,Varsha,Nair,Female,Kochi,Kerala,varsha.nair301@gmail.com,15-11-2027
351,Aman,Shukla,Male,Bhopal,Madhya Pradesh,aman.shukla301@gmail.com,20-11-2027
352,Kriti,Gupta,Female,Indore,Madhya Pradesh,kriti.gupta301@gmail.com,25-11-2027
353,Vivek,Patel,Male,Ahmedabad,Gujarat,vivek.patel301@gmail.com,01-12-2027
354,Rashi,Singh,Female,Delhi,Delhi,rashi.singh301@gmail.com,05-12-2027
355,Harshit,Gupta,Male,Mumbai,Maharashtra,harshit.gupta301@gmail.com,10-12-2027
356,Naina,Mehta,Female,Pune,Maharashtra,naina.mehta301@gmail.com,15-12-2027
357,Manav,Jain,Male,Jaipur,Rajasthan,manav.jain301@gmail.com,20-12-2027
358,Ayesha,Rao,Female,Bangalore,Karnataka,ayesha.rao301@gmail.com,25-12-2027
359,Kunal,Sethi,Male,Chandigarh,Chandigarh,kunal.sethi301@gmail.com,01-01-2028
360,Jaspreet,Kaur,Female,Amritsar,Punjab,jaspreet.kaur301@gmail.com,05-01-2028
361,Dev,Yadav,Male,Lucknow,Uttar Pradesh,dev.yadav301@gmail.com,10-01-2028
362,Anjali,Mishra,Female,Kanpur,Uttar Pradesh,anjali.mishra301@gmail.com,15-01-2028
363,Keshav,Kapoor,Male,Delhi,Delhi,keshav.kapoor301@gmail.com,20-01-2028
364,Diya,Nair,Female,Kochi,Kerala,diya.nair301@gmail.com,25-01-2028
365,Rajat,Reddy,Male,Hyderabad,Telangana,rajat.reddy301@gmail.com,01-02-2028
366,Priyanshi,Shah,Female,Surat,Gujarat,priyanshi.shah301@gmail.com,05-02-2028
367,Ayush,Joshi,Male,Nagpur,Maharashtra,ayush.joshi301@gmail.com,10-02-2028
368,Sakshi,Bose,Female,Kolkata,West Bengal,sakshi.bose301@gmail.com,15-02-2028
369,Rishabh,Agarwal,Male,Noida,Uttar Pradesh,rishabh.agarwal301@gmail.com,20-02-2028
370,Isha,Saxena,Female,Gwalior,Madhya Pradesh,isha.saxena301@gmail.com,25-02-2028
371,Arnav,Sethi,Male,Delhi,Delhi,arnav.sethi301@gmail.com,01-03-2028
372,Simran,Arora,Female,Ludhiana,Punjab,simran.arora301@gmail.com,05-03-2028
373,Yuvraj,Chauhan,Male,Dehradun,Uttarakhand,yuvraj.chauhan301@gmail.com,10-03-2028
374,Nisha,Menon,Female,Chennai,Tamil Nadu,nisha.menon301@gmail.com,15-03-2028
375,Prateek,Pandey,Male,Patna,Bihar,prateek.pandey301@gmail.com,20-03-2028
376,Shivani,Kulkarni,Female,Pune,Maharashtra,shivani.kulkarni301@gmail.com,25-03-2028
377,Varun,Singh,Male,Bhopal,Madhya Pradesh,varun.singh301@gmail.com,01-04-2028
378,Rhea,Iyer,Female,Bangalore,Karnataka,rhea.iyer301@gmail.com,05-04-2028
379,Ashish,Raj,Male,Mumbai,Maharashtra,ashish.raj301@gmail.com,10-04-2028
380,Priya,Deshmukh,Female,Nashik,Maharashtra,priya.deshmukh301@gmail.com,15-04-2028
381,Hemant,Vyas,Male,Ahmedabad,Gujarat,hemant.vyas301@gmail.com,20-04-2028
382,Tanvi,Das,Female,Kolkata,West Bengal,tanvi.das301@gmail.com,25-04-2028
383,Akshay,Bansal,Male,Jaipur,Rajasthan,akshay.bansal301@gmail.com,01-05-2028
384,Rupal,Joshi,Female,Udaipur,Rajasthan,rupal.joshi301@gmail.com,05-05-2028
385,Kartik,Sharma,Male,Bhopal,Madhya Pradesh,kartik.sharma301@gmail.com,10-05-2028
386,Aditi,Verma,Female,Indore,Madhya Pradesh,aditi.verma301@gmail.com,15-05-2028
387,Rohit,Patil,Male,Mumbai,Maharashtra,rohit.patil301@gmail.com,20-05-2028
388,Swati,Gupta,Female,Delhi,Delhi,swati.gupta301@gmail.com,25-05-2028
389,Vinay,Soni,Male,Surat,Gujarat,vinay.soni301@gmail.com,01-06-2028
390,Shreya,Roy,Female,Kolkata,West Bengal,shreya.roy301@gmail.com,05-06-2028
391,Adarsh,Mehta,Male,Pune,Maharashtra,adarsh.mehta301@gmail.com,10-06-2028
392,Kirti,Sharma,Female,Delhi,Delhi,kirti.sharma301@gmail.com,15-06-2028
393,Rohan,Verma,Male,Lucknow,Uttar Pradesh,rohan.verma301@gmail.com,20-06-2028
394,Neelam,Yadav,Female,Kanpur,Uttar Pradesh,neelam.yadav301@gmail.com,25-06-2028
395,Siddharth,Khan,Male,Hyderabad,Telangana,siddharth.khan301@gmail.com,01-07-2028
396,Muskan,Shah,Female,Surat,Gujarat,muskan.shah301@gmail.com,05-07-2028
397,Anurag,Rao,Male,Bangalore,Karnataka,anurag.rao301@gmail.com,10-07-2028
398,Ritika,Das,Female,Kolkata,West Bengal,ritika.das301@gmail.com,15-07-2028
399,Nikhil,Jain,Male,Jaipur,Rajasthan,nikhil.jain301@gmail.com,20-07-2028
400,Payal,Ahuja,Female,Delhi,Delhi,payal.ahuja301@gmail.com,25-07-2028
401,Rahul,Sharma,Male,Bhopal,Madhya Pradesh,rahul.sharma401@gmail.com,01-08-2028
402,Priya,Verma,Female,Indore,Madhya Pradesh,priya.verma401@gmail.com,05-08-2028
403,Amit,Patel,Male,Ahmedabad,Gujarat,amit.patel401@gmail.com,10-08-2028
404,Neha,Singh,Female,Delhi,Delhi,neha.singh401@gmail.com,15-08-2028
405,Rohan,Gupta,Male,Mumbai,Maharashtra,rohan.gupta401@gmail.com,20-08-2028
406,Ananya,Mehta,Female,Pune,Maharashtra,ananya.mehta401@gmail.com,25-08-2028
407,Vikas,Jain,Male,Jaipur,Rajasthan,vikas.jain401@gmail.com,01-09-2028
408,Sneha,Rao,Female,Bangalore,Karnataka,sneha.rao401@gmail.com,05-09-2028
409,Karan,Malhotra,Male,Chandigarh,Chandigarh,karan.malhotra401@gmail.com,10-09-2028
410,Simran,Kaur,Female,Amritsar,Punjab,simran.kaur401@gmail.com,15-09-2028
411,Arjun,Yadav,Male,Lucknow,Uttar Pradesh,arjun.yadav401@gmail.com,20-09-2028
412,Pooja,Mishra,Female,Kanpur,Uttar Pradesh,pooja.mishra401@gmail.com,25-09-2028
413,Raj,Kapoor,Male,Delhi,Delhi,raj.kapoor401@gmail.com,01-10-2028
414,Isha,Nair,Female,Kochi,Kerala,isha.nair401@gmail.com,05-10-2028
415,Manish,Reddy,Male,Hyderabad,Telangana,manish.reddy401@gmail.com,10-10-2028
416,Kavya,Shah,Female,Surat,Gujarat,kavya.shah401@gmail.com,15-10-2028
417,Aditya,Joshi,Male,Nagpur,Maharashtra,aditya.joshi401@gmail.com,20-10-2028
418,Riya,Bose,Female,Kolkata,West Bengal,riya.bose401@gmail.com,25-10-2028
419,Sahil,Agarwal,Male,Noida,Uttar Pradesh,sahil.agarwal401@gmail.com,01-11-2028
420,Nidhi,Saxena,Female,Gwalior,Madhya Pradesh,nidhi.saxena401@gmail.com,05-11-2028
421,Varun,Sethi,Male,Delhi,Delhi,varun.sethi401@gmail.com,10-11-2028
422,Tanya,Arora,Female,Ludhiana,Punjab,tanya.arora401@gmail.com,15-11-2028
423,Mohit,Chauhan,Male,Dehradun,Uttarakhand,mohit.chauhan401@gmail.com,20-11-2028
424,Divya,Menon,Female,Chennai,Tamil Nadu,divya.menon401@gmail.com,25-11-2028
425,Nitin,Pandey,Male,Patna,Bihar,nitin.pandey401@gmail.com,01-12-2028
426,Shreya,Kulkarni,Female,Pune,Maharashtra,shreya.kulkarni401@gmail.com,05-12-2028
427,Ravi,Singh,Male,Bhopal,Madhya Pradesh,ravi.singh401@gmail.com,10-12-2028
428,Meera,Iyer,Female,Bangalore,Karnataka,meera.iyer401@gmail.com,15-12-2028
429,Deepak,Raj,Male,Mumbai,Maharashtra,deepak.raj401@gmail.com,20-12-2028
430,Aarti,Deshmukh,Female,Nashik,Maharashtra,aarti.deshmukh401@gmail.com,25-12-2028
431,Harsh,Vyas,Male,Ahmedabad,Gujarat,harsh.vyas401@gmail.com,01-01-2029
432,Pallavi,Das,Female,Kolkata,West Bengal,pallavi.das401@gmail.com,05-01-2029
433,Rohit,Bansal,Male,Jaipur,Rajasthan,rohit.bansal401@gmail.com,10-01-2029
434,Komal,Joshi,Female,Udaipur,Rajasthan,komal.joshi401@gmail.com,15-01-2029
435,Yash,Tiwari,Male,Bhopal,Madhya Pradesh,yash.tiwari401@gmail.com,20-01-2029
436,Akash,Sharma,Male,Indore,Madhya Pradesh,akash.sharma401@gmail.com,25-01-2029
437,Sonali,Patil,Female,Mumbai,Maharashtra,sonali.patil401@gmail.com,01-02-2029
438,Rakesh,Gupta,Male,Delhi,Delhi,rakesh.gupta401@gmail.com,05-02-2029
439,Preeti,Soni,Female,Surat,Gujarat,preeti.soni401@gmail.com,10-02-2029
440,Abhishek,Roy,Male,Kolkata,West Bengal,abhishek.roy401@gmail.com,15-02-2029
441,Mansi,Sharma,Female,Pune,Maharashtra,mansi.sharma401@gmail.com,20-02-2029
442,Saurabh,Verma,Male,Lucknow,Uttar Pradesh,saurabh.verma401@gmail.com,25-02-2029
443,Ritika,Jain,Female,Delhi,Delhi,ritika.jain401@gmail.com,01-03-2029
444,Ankit,Mehra,Male,Chandigarh,Chandigarh,ankit.mehra401@gmail.com,05-03-2029
445,Namita,Rao,Female,Bangalore,Karnataka,namita.rao401@gmail.com,10-03-2029
446,Shubham,Yadav,Male,Kanpur,Uttar Pradesh,shubham.yadav401@gmail.com,15-03-2029
447,Alisha,Khan,Female,Hyderabad,Telangana,alisha.khan401@gmail.com,20-03-2029
448,Pranav,Shah,Male,Surat,Gujarat,pranav.shah401@gmail.com,25-03-2029
449,Monika,Ahuja,Female,Jaipur,Rajasthan,monika.ahuja401@gmail.com,01-04-2029
450,Varsha,Nair,Female,Kochi,Kerala,varsha.nair401@gmail.com,05-04-2029
451,Aman,Shukla,Male,Bhopal,Madhya Pradesh,aman.shukla401@gmail.com,10-04-2029
452,Kriti,Gupta,Female,Indore,Madhya Pradesh,kriti.gupta401@gmail.com,15-04-2029
453,Vivek,Patel,Male,Ahmedabad,Gujarat,vivek.patel401@gmail.com,20-04-2029
454,Rashi,Singh,Female,Delhi,Delhi,rashi.singh401@gmail.com,25-04-2029
455,Harshit,Gupta,Male,Mumbai,Maharashtra,harshit.gupta401@gmail.com,01-05-2029
456,Naina,Mehta,Female,Pune,Maharashtra,naina.mehta401@gmail.com,05-05-2029
457,Manav,Jain,Male,Jaipur,Rajasthan,manav.jain401@gmail.com,10-05-2029
458,Ayesha,Rao,Female,Bangalore,Karnataka,ayesha.rao401@gmail.com,15-05-2029
459,Kunal,Sethi,Male,Chandigarh,Chandigarh,kunal.sethi401@gmail.com,20-05-2029
460,Jaspreet,Kaur,Female,Amritsar,Punjab,jaspreet.kaur401@gmail.com,25-05-2029
461,Dev,Yadav,Male,Lucknow,Uttar Pradesh,dev.yadav401@gmail.com,01-06-2029
462,Anjali,Mishra,Female,Kanpur,Uttar Pradesh,anjali.mishra401@gmail.com,05-06-2029
463,Keshav,Kapoor,Male,Delhi,Delhi,keshav.kapoor401@gmail.com,10-06-2029
464,Diya,Nair,Female,Kochi,Kerala,diya.nair401@gmail.com,15-06-2029
465,Rajat,Reddy,Male,Hyderabad,Telangana,rajat.reddy401@gmail.com,20-06-2029
466,Priyanshi,Shah,Female,Surat,Gujarat,priyanshi.shah401@gmail.com,25-06-2029
467,Ayush,Joshi,Male,Nagpur,Maharashtra,ayush.joshi401@gmail.com,01-07-2029
468,Sakshi,Bose,Female,Kolkata,West Bengal,sakshi.bose401@gmail.com,05-07-2029
469,Rishabh,Agarwal,Male,Noida,Uttar Pradesh,rishabh.agarwal401@gmail.com,10-07-2029
470,Isha,Saxena,Female,Gwalior,Madhya Pradesh,isha.saxena401@gmail.com,15-07-2029
471,Arnav,Sethi,Male,Delhi,Delhi,arnav.sethi401@gmail.com,20-07-2029
472,Simran,Arora,Female,Ludhiana,Punjab,simran.arora401@gmail.com,25-07-2029
473,Yuvraj,Chauhan,Male,Dehradun,Uttarakhand,yuvraj.chauhan401@gmail.com,01-08-2029
474,Nisha,Menon,Female,Chennai,Tamil Nadu,nisha.menon401@gmail.com,05-08-2029
475,Prateek,Pandey,Male,Patna,Bihar,prateek.pandey401@gmail.com,10-08-2029
476,Shivani,Kulkarni,Female,Pune,Maharashtra,shivani.kulkarni401@gmail.com,15-08-2029
477,Varun,Singh,Male,Bhopal,Madhya Pradesh,varun.singh401@gmail.com,20-08-2029
478,Rhea,Iyer,Female,Bangalore,Karnataka,rhea.iyer401@gmail.com,25-08-2029
479,Ashish,Raj,Male,Mumbai,Maharashtra,ashish.raj401@gmail.com,01-09-2029
480,Priya,Deshmukh,Female,Nashik,Maharashtra,priya.deshmukh401@gmail.com,05-09-2029
481,Hemant,Vyas,Male,Ahmedabad,Gujarat,hemant.vyas401@gmail.com,10-09-2029
482,Tanvi,Das,Female,Kolkata,West Bengal,tanvi.das401@gmail.com,15-09-2029
483,Akshay,Bansal,Male,Jaipur,Rajasthan,akshay.bansal401@gmail.com,20-09-2029
484,Rupal,Joshi,Female,Udaipur,Rajasthan,rupal.joshi401@gmail.com,25-09-2029
485,Kartik,Sharma,Male,Bhopal,Madhya Pradesh,kartik.sharma401@gmail.com,01-10-2029
486,Aditi,Verma,Female,Indore,Madhya Pradesh,aditi.verma401@gmail.com,05-10-2029
487,Rohit,Patil,Male,Mumbai,Maharashtra,rohit.patil401@gmail.com,10-10-2029
488,Swati,Gupta,Female,Delhi,Delhi,swati.gupta401@gmail.com,15-10-2029
489,Vinay,Soni,Male,Surat,Gujarat,vinay.soni401@gmail.com,20-10-2029
490,Shreya,Roy,Female,Kolkata,West Bengal,shreya.roy401@gmail.com,25-10-2029
491,Adarsh,Mehta,Male,Pune,Maharashtra,adarsh.mehta401@gmail.com,01-11-2029
492,Kirti,Sharma,Female,Delhi,Delhi,kirti.sharma401@gmail.com,05-11-2029
493,Rohan,Verma,Male,Lucknow,Uttar Pradesh,rohan.verma401@gmail.com,10-11-2029
494,Neelam,Yadav,Female,Kanpur,Uttar Pradesh,neelam.yadav401@gmail.com,15-11-2029
495,Siddharth,Khan,Male,Hyderabad,Telangana,siddharth.khan401@gmail.com,20-11-2029
496,Muskan,Shah,Female,Surat,Gujarat,muskan.shah401@gmail.com,25-11-2029
497,Anurag,Rao,Male,Bangalore,Karnataka,anurag.rao401@gmail.com,01-12-2029
498,Ritika,Das,Female,Kolkata,West Bengal,ritika.das401@gmail.com,05-12-2029
499,Nikhil,Jain,Male,Jaipur,Rajasthan,nikhil.jain401@gmail.com,10-12-2029
500,Payal,Ahuja,Female,Delhi,Delhi,payal.ahuja401@gmail.com,15-12-2029
