order_id,customer_id,employee_id,store_id,promotion_id,order_date,payment_method,order_status,total_amount
1,125,15,8,5,05-01-2026,UPI,Completed,18500
2,340,22,2,NULL,06-01-2026,Credit Card,Completed,4200
3,78,45,5,11,08-01-2026,Cash,Completed,27500
4,410,63,3,NULL,10-01-2026,Debit Card,Cancelled,6500
5,215,9,7,3,12-01-2026,UPI,Completed,3200
6,56,31,1,NULL,15-01-2026,Credit Card,Completed,8700
7,489,72,6,4,18-01-2026,UPI,Completed,15400
8,230,18,9,NULL,20-01-2026,Cash,Pending,2300
9,90,54,4,7,22-01-2026,Debit Card,Completed,9800
10,315,66,10,NULL,25-01-2026,UPI,Completed,4500
11,420,12,6,2,01-02-2026,Credit Card,Completed,22000
12,98,40,5,NULL,03-02-2026,Cash,Completed,6700
13,275,25,3,8,05-02-2026,UPI,Completed,12500
14,150,81,1,NULL,08-02-2026,Debit Card,Cancelled,3900
15,365,33,7,9,10-02-2026,UPI,Completed,17800
16,45,6,8,NULL,12-02-2026,Credit Card,Completed,7600
17,205,19,10,10,15-02-2026,UPI,Completed,32000
18,499,70,2,NULL,18-02-2026,Cash,Pending,2800
19,130,87,9,1,20-02-2026,Credit Card,Completed,14500
20,350,48,4,NULL,22-02-2026,UPI,Completed,9200
21,60,11,3,6,01-03-2026,Cash,Completed,5600
22,175,29,5,NULL,03-03-2026,UPI,Completed,11800
23,390,64,7,12,05-03-2026,Credit Card,Completed,26500
24,240,35,8,NULL,08-03-2026,Debit Card,Cancelled,4100
25,15,92,10,3,10-03-2026,UPI,Completed,6300
26,280,52,1,NULL,12-03-2026,Cash,Completed,8700
27,470,14,6,11,15-03-2026,Credit Card,Completed,34000
28,325,77,9,NULL,18-03-2026,UPI,Pending,5200
29,95,21,2,5,20-03-2026,Debit Card,Completed,7600
30,450,58,4,NULL,22-03-2026,UPI,Completed,18900
31,110,37,5,7,01-04-2026,Cash,Completed,4600
32,360,80,8,NULL,03-04-2026,Credit Card,Completed,21000
33,200,43,3,13,05-04-2026,UPI,Completed,15500
34,75,67,7,NULL,08-04-2026,Debit Card,Cancelled,3300
35,295,96,10,4,10-04-2026,UPI,Completed,8900
36,420,30,2,NULL,12-04-2026,Cash,Completed,5400
37,185,55,9,15,15-04-2026,Credit Card,Completed,27300
38,310,89,1,NULL,18-04-2026,UPI,Pending,7200
39,40,73,6,8,20-04-2026,Debit Card,Completed,11600
40,255,17,4,NULL,22-04-2026,UPI,Completed,9600
41,490,61,3,10,01-05-2026,Credit Card,Completed,22500
42,145,39,5,NULL,03-05-2026,Cash,Completed,3800
43,335,82,7,14,05-05-2026,UPI,Completed,19800
44,88,23,8,NULL,08-05-2026,Debit Card,Cancelled,5600
45,275,46,10,2,10-05-2026,UPI,Completed,13200
46,160,98,1,NULL,12-05-2026,Credit Card,Completed,8600
47,375,34,6,9,15-05-2026,Cash,Completed,17400
48,220,71,9,NULL,18-05-2026,UPI,Pending,4400
49,35,10,2,6,20-05-2026,Debit Card,Completed,6800
50,405,65,4,NULL,22-05-2026,UPI,Completed,15200
51,120,27,5,3,01-06-2026,UPI,Completed,8400
52,345,44,8,NULL,03-06-2026,Credit Card,Completed,12600
53,210,91,2,11,05-06-2026,Debit Card,Completed,28900
54,65,36,7,NULL,08-06-2026,Cash,Pending,3200
55,480,75,10,5,10-06-2026,UPI,Completed,17800
56,155,20,3,NULL,12-06-2026,Credit Card,Completed,6500
57,290,57,6,7,15-06-2026,UPI,Completed,9400
58,25,84,9,NULL,18-06-2026,Cash,Completed,4100
59,430,16,1,12,20-06-2026,Credit Card,Completed,24500
60,195,69,4,NULL,22-06-2026,UPI,Cancelled,5600
61,315,38,8,6,01-07-2026,Debit Card,Completed,13400
62,85,53,5,NULL,03-07-2026,UPI,Completed,7200
63,470,95,2,10,05-07-2026,Credit Card,Completed,31200
64,140,7,7,NULL,08-07-2026,Cash,Completed,2800
65,260,24,10,15,10-07-2026,UPI,Completed,16700
66,390,60,6,NULL,12-07-2026,Credit Card,Pending,4300
67,50,13,9,8,15-07-2026,Debit Card,Completed,19800
68,220,42,3,NULL,18-07-2026,UPI,Completed,7600
69,410,76,1,4,20-07-2026,Credit Card,Completed,22100
70,305,18,4,NULL,22-07-2026,Cash,Completed,5900
71,95,83,5,9,01-08-2026,UPI,Completed,14500
72,370,32,8,NULL,03-08-2026,Debit Card,Completed,8700
73,180,59,2,13,05-08-2026,Credit Card,Completed,26400
74,25,86,6,NULL,08-08-2026,Cash,Cancelled,3500
75,455,41,10,2,10-08-2026,UPI,Completed,7800
76,130,94,7,NULL,12-08-2026,Credit Card,Completed,11200
77,340,68,9,11,15-08-2026,UPI,Completed,29800
78,75,51,1,NULL,18-08-2026,Debit Card,Pending,5200
79,280,26,4,5,20-08-2026,Cash,Completed,6200
80,490,90,3,NULL,22-08-2026,UPI,Completed,17600
81,115,35,8,7,01-09-2026,Credit Card,Completed,9800
82,360,63,5,NULL,03-09-2026,UPI,Completed,7300
83,205,12,2,14,05-09-2026,Cash,Completed,21500
84,450,79,10,NULL,08-09-2026,Debit Card,Cancelled,4600
85,60,47,6,3,10-09-2026,UPI,Completed,12500
86,310,99,9,NULL,12-09-2026,Credit Card,Completed,8400
87,175,54,1,10,15-09-2026,UPI,Completed,30200
88,395,22,7,NULL,18-09-2026,Cash,Pending,3900
89,240,73,4,6,20-09-2026,Debit Card,Completed,11400
90,15,31,8,NULL,22-09-2026,UPI,Completed,5700
91,420,45,3,8,01-10-2026,Credit Card,Completed,18700
92,90,66,5,NULL,03-10-2026,Cash,Completed,4300
93,275,14,10,12,05-10-2026,UPI,Completed,27600
94,500,37,2,NULL,08-10-2026,Debit Card,Cancelled,6800
95,155,81,6,9,10-10-2026,Credit Card,Completed,14300
96,330,56,9,NULL,12-10-2026,UPI,Completed,8200
97,70,20,1,4,15-10-2026,Cash,Completed,19600
98,385,93,7,NULL,18-10-2026,Credit Card,Pending,5100
99,245,62,4,15,20-10-2026,UPI,Completed,13600
100,110,8,8,NULL,22-10-2026,Debit Card,Completed,6400
101,325,15,5,3,01-11-2026,UPI,Completed,9200
102,75,43,2,NULL,03-11-2026,Credit Card,Completed,15800
103,460,67,8,11,05-11-2026,Debit Card,Completed,28400
104,190,29,6,NULL,08-11-2026,Cash,Pending,3700
105,35,82,10,5,10-11-2026,UPI,Completed,12600
106,270,11,3,NULL,12-11-2026,Credit Card,Completed,6700
107,495,56,7,7,15-11-2026,UPI,Completed,22400
108,140,88,9,NULL,18-11-2026,Cash,Completed,5100
109,215,34,1,12,20-11-2026,Debit Card,Completed,19600
110,380,74,4,NULL,22-11-2026,UPI,Cancelled,4200
111,50,97,8,6,01-12-2026,Credit Card,Completed,13800
112,300,21,5,NULL,03-12-2026,Cash,Completed,7600
113,420,64,2,10,05-12-2026,UPI,Completed,32500
114,165,39,7,NULL,08-12-2026,Debit Card,Completed,5800
115,90,18,10,15,10-12-2026,Credit Card,Completed,17400
116,250,70,6,NULL,12-12-2026,UPI,Pending,6300
117,475,46,9,8,15-12-2026,Cash,Completed,24300
118,125,55,1,NULL,18-12-2026,Debit Card,Completed,8900
119,350,83,3,4,20-12-2026,UPI,Completed,15400
120,15,26,4,NULL,22-12-2026,Credit Card,Completed,5200
121,390,92,8,9,02-01-2027,UPI,Completed,18700
122,225,61,5,NULL,04-01-2027,Cash,Completed,7400
123,65,33,2,13,06-01-2027,Credit Card,Completed,26500
124,440,76,7,NULL,09-01-2027,Debit Card,Cancelled,3900
125,180,48,10,2,11-01-2027,UPI,Completed,11800
126,315,13,6,NULL,13-01-2027,Credit Card,Completed,8600
127,95,85,9,11,16-01-2027,Cash,Completed,29400
128,500,30,1,NULL,18-01-2027,UPI,Pending,4500
129,205,58,4,5,20-01-2027,Debit Card,Completed,13300
130,360,19,3,NULL,22-01-2027,Credit Card,Completed,9700
131,45,71,8,7,01-02-2027,UPI,Completed,6100
132,280,37,5,NULL,03-02-2027,Cash,Completed,14900
133,410,98,2,12,05-02-2027,Credit Card,Completed,23800
134,120,24,7,NULL,08-02-2027,Debit Card,Cancelled,5200
135,335,66,10,6,10-02-2027,UPI,Completed,18200
136,70,9,6,NULL,12-02-2027,Credit Card,Completed,3900
137,485,52,9,10,15-02-2027,Cash,Completed,27800
138,260,80,1,NULL,18-02-2027,UPI,Pending,4700
139,150,42,4,14,20-02-2027,Debit Card,Completed,12100
140,375,17,3,NULL,22-02-2027,Credit Card,Completed,8300
141,210,63,8,3,01-03-2027,UPI,Completed,14600
142,85,35,5,NULL,03-03-2027,Cash,Completed,5600
143,450,69,2,8,05-03-2027,Credit Card,Completed,21900
144,25,12,7,NULL,08-03-2027,Debit Card,Cancelled,3200
145,295,91,10,15,10-03-2027,UPI,Completed,16400
146,110,44,6,NULL,12-03-2027,Credit Card,Completed,7200
147,395,78,9,11,15-03-2027,Cash,Completed,30100
148,175,27,1,NULL,18-03-2027,UPI,Pending,4800
149,320,54,4,5,20-03-2027,Debit Card,Completed,13700
150,60,20,8,NULL,22-03-2027,Credit Card,Completed,6900
151,230,31,5,3,01-04-2027,UPI,Completed,11200
152,410,57,2,NULL,03-04-2027,Credit Card,Completed,6800
153,95,84,8,11,05-04-2027,Debit Card,Completed,25600
154,360,22,6,NULL,08-04-2027,Cash,Pending,4200
155,145,73,10,5,10-04-2027,UPI,Completed,19400
156,500,45,3,NULL,12-04-2027,Credit Card,Completed,7600
157,275,90,7,7,15-04-2027,UPI,Completed,23100
158,40,16,9,NULL,18-04-2027,Cash,Completed,3600
159,385,68,1,12,20-04-2027,Debit Card,Completed,21700
160,185,39,4,NULL,22-04-2027,UPI,Cancelled,5800
161,320,96,8,6,01-05-2027,Credit Card,Completed,14500
162,70,28,5,NULL,03-05-2027,Cash,Completed,8200
163,455,61,2,10,05-05-2027,UPI,Completed,33800
164,120,14,7,NULL,08-05-2027,Debit Card,Completed,4700
165,340,77,10,15,10-05-2027,Credit Card,Completed,18600
166,215,53,6,NULL,12-05-2027,UPI,Pending,5400
167,480,36,9,8,15-05-2027,Cash,Completed,26400
168,155,81,1,NULL,18-05-2027,Debit Card,Completed,9300
169,60,25,4,4,20-05-2027,UPI,Completed,12800
170,295,66,3,NULL,22-05-2027,Credit Card,Completed,7100
171,90,19,8,9,01-06-2027,UPI,Completed,17300
172,375,48,5,NULL,03-06-2027,Cash,Completed,6300
173,250,94,2,13,05-06-2027,Credit Card,Completed,28900
174,15,35,7,NULL,08-06-2027,Debit Card,Cancelled,4100
175,420,72,10,2,10-06-2027,UPI,Completed,15200
176,180,10,6,NULL,12-06-2027,Credit Card,Completed,8500
177,310,59,9,11,15-06-2027,Cash,Completed,31600
178,65,83,1,NULL,18-06-2027,UPI,Pending,3300
179,490,26,4,5,20-06-2027,Debit Card,Completed,11900
180,205,64,3,NULL,22-06-2027,Credit Card,Completed,7800
181,350,37,8,7,01-07-2027,UPI,Completed,13900
182,100,52,5,NULL,03-07-2027,Cash,Completed,4600
183,445,88,2,12,05-07-2027,Credit Card,Completed,27400
184,130,20,7,NULL,08-07-2027,Debit Card,Cancelled,5200
185,280,75,10,6,10-07-2027,UPI,Completed,16300
186,50,42,6,NULL,12-07-2027,Credit Card,Completed,6900
187,365,98,9,10,15-07-2027,Cash,Completed,29500
188,225,30,1,NULL,18-07-2027,UPI,Pending,3700
189,80,67,4,14,20-07-2027,Debit Card,Completed,12400
190,395,11,3,NULL,22-07-2027,Credit Card,Completed,9100
191,160,54,8,3,01-08-2027,UPI,Completed,15500
192,470,29,5,NULL,03-08-2027,Cash,Completed,5800
193,35,70,2,8,05-08-2027,Credit Card,Completed,22100
194,260,46,7,NULL,08-08-2027,Debit Card,Cancelled,4300
195,490,82,10,15,10-08-2027,UPI,Completed,17900
196,110,13,6,NULL,12-08-2027,Credit Card,Completed,7400
197,330,62,9,11,15-08-2027,Cash,Completed,30800
198,75,21,1,NULL,18-08-2027,UPI,Pending,4900
199,215,56,4,5,20-08-2027,Debit Card,Completed,13200
200,405,89,8,NULL,22-08-2027,Credit Card,Completed,8200
201,140,15,5,3,01-09-2027,UPI,Completed,9800
202,320,44,2,NULL,03-09-2027,Credit Card,Completed,14200
203,65,78,8,11,05-09-2027,Debit Card,Completed,26300
204,430,27,6,NULL,08-09-2027,Cash,Pending,3500
205,210,63,10,5,10-09-2027,UPI,Completed,18700
206,95,36,3,NULL,12-09-2027,Credit Card,Completed,7200
207,485,52,7,7,15-09-2027,UPI,Completed,24600
208,170,91,9,NULL,18-09-2027,Cash,Completed,4900
209,360,20,1,12,20-09-2027,Debit Card,Completed,21500
210,55,70,4,NULL,22-09-2027,UPI,Cancelled,6100
211,290,34,8,6,01-10-2027,Credit Card,Completed,13600
212,420,85,5,NULL,03-10-2027,Cash,Completed,7900
213,180,17,2,10,05-10-2027,UPI,Completed,33200
214,75,60,7,NULL,08-10-2027,Debit Card,Completed,5200
215,350,95,10,15,10-10-2027,Credit Card,Completed,17200
216,125,40,6,NULL,12-10-2027,UPI,Pending,4600
217,450,69,9,8,15-10-2027,Cash,Completed,25800
218,30,23,1,NULL,18-10-2027,Debit Card,Completed,8700
219,275,58,4,4,20-10-2027,UPI,Completed,12100
220,500,12,3,NULL,22-10-2027,Credit Card,Completed,6700
221,115,31,8,9,01-11-2027,UPI,Completed,16500
222,390,76,5,NULL,03-11-2027,Cash,Completed,6100
223,240,47,2,13,05-11-2027,Credit Card,Completed,29700
224,90,88,7,NULL,08-11-2027,Debit Card,Cancelled,3900
225,365,25,10,2,10-11-2027,UPI,Completed,14800
226,150,64,6,NULL,12-11-2027,Credit Card,Completed,9300
227,495,37,9,11,15-11-2027,Cash,Completed,32100
228,45,83,1,NULL,18-11-2027,UPI,Pending,4100
229,305,21,4,5,20-11-2027,Debit Card,Completed,12700
230,200,54,8,NULL,22-11-2027,Credit Card,Completed,7600
231,80,19,5,7,01-12-2027,UPI,Completed,15400
232,440,66,2,NULL,03-12-2027,Cash,Completed,6900
233,260,93,8,12,05-12-2027,Credit Card,Completed,28100
234,135,28,6,NULL,08-12-2027,Debit Card,Cancelled,4400
235,315,73,10,6,10-12-2027,UPI,Completed,17100
236,50,14,3,NULL,12-12-2027,Credit Card,Completed,5800
237,470,61,7,10,15-12-2027,Cash,Completed,30500
238,220,38,9,NULL,18-12-2027,UPI,Pending,5200
239,105,82,1,14,20-12-2027,Debit Card,Completed,11800
240,385,26,4,NULL,22-12-2027,Credit Card,Completed,8900
241,160,57,8,3,02-01-2028,UPI,Completed,16200
242,35,72,5,NULL,04-01-2028,Cash,Completed,5300
243,410,18,2,8,06-01-2028,Credit Card,Completed,23600
244,95,65,7,NULL,09-01-2028,Debit Card,Cancelled,3700
245,275,43,10,15,11-01-2028,UPI,Completed,18100
246,190,90,6,NULL,13-01-2028,Credit Card,Completed,8100
247,455,33,9,11,16-01-2028,Cash,Completed,31400
248,70,79,1,NULL,18-01-2028,UPI,Pending,4500
249,340,50,4,5,20-01-2028,Debit Card,Completed,12900
250,225,96,8,NULL,22-01-2028,Credit Card,Completed,7700
251,142,54,3,12,01-06-2026,UPI,Completed,16500
252,310,21,8,NULL,02-06-2026,Credit Card,Completed,5400
253,88,67,2,5,04-06-2026,Cash,Completed,28900
254,415,89,6,NULL,05-06-2026,Debit Card,Cancelled,4200
255,23,12,10,7,07-06-2026,UPI,Completed,9800
256,195,45,1,NULL,09-06-2026,Credit Card,Completed,14200
257,320,73,5,4,11-06-2026,UPI,Pending,6100
258,64,38,9,NULL,12-06-2026,Cash,Completed,3100
259,275,51,4,14,14-06-2026,Debit Card,Completed,19500
260,112,60,7,NULL,16-06-2026,UPI,Completed,7300
261,480,18,2,9,18-06-2026,Credit Card,Completed,31000
262,97,82,8,NULL,20-06-2026,Cash,Completed,8900
263,354,29,3,11,22-06-2026,UPI,Cancelled,5200
264,188,94,6,NULL,23-06-2026,Debit Card,Completed,11400
265,59,41,10,2,25-06-2026,UPI,Completed,24500
266,422,15,1,NULL,27-06-2026,Credit Card,Pending,8200
267,203,77,5,8,29-06-2026,Cash,Completed,13600
268,315,53,9,NULL,01-07-2026,Debit Card,Completed,6700
269,76,64,4,15,02-07-2026,UPI,Completed,22100
270,490,36,7,NULL,04-07-2026,Credit Card,Cancelled,3900
271,337,15,1,NULL,05-07-2026,Cash,Completed,13400
272,81,95,2,NULL,06-07-2026,Debit Card,Completed,3500
273,57,28,4,17,07-07-2026,Debit Card,Completed,24900
274,311,36,13,NULL,07-07-2026,Credit Card,Pending,19400
275,152,20,4,NULL,07-07-2026,UPI,Pending,6900
276,193,45,10,9,09-07-2026,UPI,Pending,6000
277,292,38,14,NULL,11-07-2026,Credit Card,Completed,4300
278,348,30,13,10,12-07-2026,UPI,Pending,16200
279,242,82,14,12,12-07-2026,Cash,Completed,15600
280,369,88,11,3,13-07-2026,Credit Card,Completed,25600
281,204,35,11,NULL,15-07-2026,UPI,Completed,3600
282,422,41,7,9,15-07-2026,Cash,Completed,27500
283,212,83,8,5,15-07-2026,Credit Card,Cancelled,29500
284,144,96,10,14,17-07-2026,Cash,Completed,9000
285,270,64,2,NULL,17-07-2026,UPI,Completed,34100
286,91,88,7,NULL,17-07-2026,Debit Card,Cancelled,25900
287,280,33,9,NULL,18-07-2026,Cash,Completed,7700
288,160,56,3,15,18-07-2026,Cash,Cancelled,11100
289,269,14,14,NULL,18-07-2026,Credit Card,Completed,21100
290,400,21,9,NULL,19-07-2026,Cash,Pending,2900
291,67,47,14,NULL,19-07-2026,UPI,Completed,31000
292,494,11,2,NULL,20-07-2026,Credit Card,Completed,26300
293,494,71,3,9,22-07-2026,Credit Card,Cancelled,12200
294,375,40,7,NULL,24-07-2026,Debit Card,Completed,14600
295,125,9,6,1,25-07-2026,Credit Card,Completed,5600
296,372,81,1,8,25-07-2026,UPI,Completed,5600
297,273,31,5,NULL,26-07-2026,Debit Card,Completed,26200
298,423,53,4,4,26-07-2026,Debit Card,Completed,23600
299,220,60,14,NULL,26-07-2026,UPI,Completed,22600
300,382,44,13,NULL,26-07-2026,Credit Card,Completed,29400
301,239,18,7,6,26-07-2026,Credit Card,Completed,24600
302,423,71,2,2,27-07-2026,UPI,Completed,10500
303,218,63,8,7,28-07-2026,Credit Card,Pending,2100
304,209,34,13,NULL,30-07-2026,Debit Card,Completed,11700
305,161,28,1,19,31-07-2026,Cash,Completed,4500
306,309,62,9,NULL,01-08-2026,UPI,Completed,5500
307,314,9,11,NULL,01-08-2026,UPI,Cancelled,14600
308,306,77,1,NULL,01-08-2026,Cash,Completed,12400
309,352,92,6,8,01-08-2026,Credit Card,Completed,25400
310,171,97,2,1,02-08-2026,UPI,Cancelled,12900
311,269,34,3,12,03-08-2026,Cash,Completed,10000
312,234,70,12,10,04-08-2026,Cash,Completed,8800
313,145,15,2,NULL,06-08-2026,Cash,Cancelled,12700
314,377,44,4,NULL,08-08-2026,Debit Card,Completed,4600
315,57,82,7,NULL,08-08-2026,UPI,Completed,8600
316,336,34,3,NULL,10-08-2026,UPI,Completed,5800
317,493,89,3,18,10-08-2026,Cash,Cancelled,30200
318,85,56,3,2,10-08-2026,UPI,Completed,12700
319,359,32,11,4,10-08-2026,Debit Card,Cancelled,9900
320,483,31,14,6,11-08-2026,Debit Card,Completed,11100
321,387,43,13,14,12-08-2026,Cash,Completed,7500
322,205,5,14,16,12-08-2026,Debit Card,Completed,17600
323,430,30,4,1,14-08-2026,Cash,Completed,5500
324,405,36,6,NULL,16-08-2026,UPI,Completed,15300
325,101,75,5,2,16-08-2026,Debit Card,Completed,18000
326,233,78,9,4,16-08-2026,Credit Card,Completed,4200
327,372,56,1,17,17-08-2026,Cash,Pending,5500
328,495,86,6,NULL,17-08-2026,UPI,Completed,27900
329,168,86,7,11,19-08-2026,Credit Card,Completed,23500
330,350,49,11,NULL,21-08-2026,Debit Card,Cancelled,2000
331,165,37,4,14,23-08-2026,Debit Card,Pending,24600
332,355,28,9,16,24-08-2026,UPI,Completed,28300
333,349,82,10,11,24-08-2026,Credit Card,Completed,13500
334,422,26,3,1,24-08-2026,Debit Card,Cancelled,5700
335,243,54,11,19,24-08-2026,Debit Card,Pending,22400
336,134,19,11,NULL,24-08-2026,UPI,Pending,13200
337,100,90,9,15,24-08-2026,Credit Card,Completed,25300
338,78,60,11,17,26-08-2026,Debit Card,Cancelled,27800
339,228,71,8,NULL,26-08-2026,Debit Card,Pending,15200
340,394,32,14,NULL,26-08-2026,Debit Card,Completed,16000
341,235,10,12,10,26-08-2026,Cash,Completed,29600
342,51,18,3,8,26-08-2026,Credit Card,Completed,5200
343,222,53,6,18,27-08-2026,Credit Card,Pending,21900
344,473,99,10,NULL,27-08-2026,Debit Card,Pending,2300
345,492,46,5,NULL,27-08-2026,Debit Card,Cancelled,29900
346,419,78,4,16,27-08-2026,Debit Card,Pending,3400
347,209,44,11,NULL,28-08-2026,Debit Card,Completed,33800
348,283,4,7,19,29-08-2026,UPI,Pending,8900
349,453,60,3,2,29-08-2026,Cash,Completed,25200
350,177,44,13,NULL,29-08-2026,Debit Card,Completed,6100
351,250,3,12,18,29-08-2026,Cash,Completed,5500
352,409,84,1,NULL,29-08-2026,Credit Card,Completed,3000
353,328,20,4,5,30-08-2026,Credit Card,Pending,15100
354,402,48,3,NULL,31-08-2026,Credit Card,Completed,7500
355,306,4,5,19,02-09-2026,Debit Card,Completed,5800
356,313,89,14,NULL,02-09-2026,Cash,Cancelled,8100
357,417,73,13,2,02-09-2026,Debit Card,Completed,5500
358,269,83,6,1,04-09-2026,UPI,Pending,20500
359,335,59,12,5,06-09-2026,Debit Card,Pending,24300
360,432,94,10,9,06-09-2026,Credit Card,Completed,16200
361,461,58,4,NULL,08-09-2026,Cash,Completed,27300
362,445,42,3,16,08-09-2026,Cash,Completed,16300
363,460,77,12,NULL,08-09-2026,UPI,Cancelled,11700
364,53,31,12,14,09-09-2026,Debit Card,Pending,24900
365,415,3,2,10,09-09-2026,Credit Card,Completed,31700
366,198,61,9,17,09-09-2026,Cash,Completed,25200
367,148,40,5,8,09-09-2026,Credit Card,Completed,8100
368,390,69,13,NULL,09-09-2026,Credit Card,Pending,16100
369,380,76,13,17,10-09-2026,Credit Card,Completed,13600
370,194,23,5,1,11-09-2026,Cash,Completed,4700
371,293,38,12,5,13-09-2026,UPI,Completed,31300
372,155,61,8,15,13-09-2026,UPI,Completed,26400
373,68,9,7,16,13-09-2026,UPI,Completed,9600
374,425,73,5,3,14-09-2026,Debit Card,Cancelled,32500
375,414,80,4,NULL,16-09-2026,Debit Card,Completed,32100
376,229,40,10,NULL,16-09-2026,UPI,Completed,34000
377,118,34,11,3,16-09-2026,Credit Card,Cancelled,5800
378,90,1,7,15,18-09-2026,Cash,Completed,13800
379,157,91,5,NULL,19-09-2026,Credit Card,Completed,34000
380,311,85,13,7,20-09-2026,Credit Card,Completed,9200
381,46,8,3,NULL,20-09-2026,Cash,Pending,8300
382,249,89,5,NULL,22-09-2026,Debit Card,Pending,6100
383,316,6,7,NULL,22-09-2026,Cash,Completed,6600
384,127,87,14,NULL,23-09-2026,Cash,Cancelled,4000
385,400,97,3,16,25-09-2026,Cash,Completed,31900
386,233,82,14,16,27-09-2026,Cash,Pending,19000
387,174,86,2,NULL,27-09-2026,Debit Card,Pending,16700
388,349,52,14,NULL,29-09-2026,UPI,Completed,14900
389,175,15,13,13,30-09-2026,Debit Card,Pending,4700
390,106,67,6,NULL,02-10-2026,UPI,Completed,15600
391,291,17,5,15,04-10-2026,UPI,Completed,34200
392,321,31,12,6,04-10-2026,UPI,Cancelled,22800
393,57,29,14,4,05-10-2026,Credit Card,Pending,16900
394,270,91,5,14,07-10-2026,Credit Card,Pending,30200
395,84,50,4,NULL,08-10-2026,UPI,Completed,23200
396,184,65,5,NULL,08-10-2026,Cash,Cancelled,31600
397,347,63,14,5,10-10-2026,Cash,Completed,30200
398,400,70,7,15,11-10-2026,Credit Card,Cancelled,21600
399,129,53,1,11,13-10-2026,Debit Card,Completed,27300
400,28,17,9,19,13-10-2026,UPI,Pending,7100
401,279,59,1,NULL,13-10-2026,Credit Card,Completed,26000
402,410,34,6,NULL,14-10-2026,Cash,Cancelled,21400
403,498,41,11,NULL,16-10-2026,UPI,Cancelled,5500
404,130,81,11,10,17-10-2026,Debit Card,Completed,34400
405,370,13,8,6,18-10-2026,UPI,Completed,4800
406,160,46,6,14,18-10-2026,Debit Card,Cancelled,11200
407,97,23,2,NULL,19-10-2026,Debit Card,Cancelled,9300
408,128,60,11,9,20-10-2026,Debit Card,Completed,29900
409,90,10,8,12,22-10-2026,Debit Card,Completed,25300
410,442,39,4,13,23-10-2026,Credit Card,Pending,31200
411,193,74,5,NULL,23-10-2026,Debit Card,Completed,2400
412,299,88,13,NULL,25-10-2026,Cash,Completed,33000
413,420,46,4,NULL,25-10-2026,Cash,Completed,34100
414,59,81,11,2,25-10-2026,Debit Card,Completed,31600
415,196,94,3,3,27-10-2026,Debit Card,Completed,12200
416,77,70,6,17,29-10-2026,Credit Card,Completed,26600
417,422,38,12,NULL,29-10-2026,UPI,Pending,5800
418,82,97,4,NULL,31-10-2026,Cash,Completed,22200
419,17,34,9,4,02-11-2026,Debit Card,Completed,7500
420,355,30,8,1,04-11-2026,Credit Card,Completed,34500
421,431,60,12,10,05-11-2026,Credit Card,Completed,3900
422,165,64,2,4,05-11-2026,Credit Card,Pending,25200
423,199,86,12,NULL,07-11-2026,Credit Card,Pending,7000
424,436,63,10,14,09-11-2026,UPI,Completed,13100
425,237,57,4,NULL,09-11-2026,Cash,Cancelled,35000
426,193,8,7,9,09-11-2026,UPI,Pending,6600
427,349,28,11,NULL,10-11-2026,UPI,Completed,14400
428,74,73,4,3,11-11-2026,Credit Card,Completed,18800
429,406,19,13,NULL,13-11-2026,Credit Card,Completed,29600
430,138,23,2,NULL,14-11-2026,UPI,Completed,14100
431,311,42,1,6,14-11-2026,Credit Card,Pending,28900
432,68,96,2,16,16-11-2026,UPI,Pending,27700
433,123,79,1,NULL,18-11-2026,Debit Card,Completed,5100
434,255,52,7,NULL,18-11-2026,Debit Card,Completed,6100
435,174,78,3,3,18-11-2026,Cash,Pending,32500
436,281,38,8,17,19-11-2026,UPI,Cancelled,13000
437,230,58,4,14,19-11-2026,Debit Card,Pending,23200
438,383,13,6,14,19-11-2026,Cash,Completed,9800
439,361,61,2,3,20-11-2026,Debit Card,Completed,21000
440,425,17,9,2,22-11-2026,UPI,Pending,20100
441,457,86,13,14,23-11-2026,Cash,Cancelled,17900
442,190,14,10,17,23-11-2026,Debit Card,Completed,7500
443,189,72,6,4,24-11-2026,Debit Card,Cancelled,33800
444,324,87,11,18,24-11-2026,Cash,Completed,11200
445,149,90,13,10,26-11-2026,UPI,Completed,9300
446,299,85,7,3,26-11-2026,UPI,Completed,29100
447,120,49,7,15,26-11-2026,Cash,Completed,18600
448,407,73,10,3,27-11-2026,Credit Card,Cancelled,4500
449,355,11,5,15,29-11-2026,Debit Card,Pending,15900
450,120,97,9,4,29-11-2026,UPI,Completed,32300
451,259,68,11,10,29-11-2026,Debit Card,Cancelled,4800
452,13,27,5,7,01-12-2026,Cash,Completed,8100
453,13,64,12,14,01-12-2026,Debit Card,Cancelled,13700
454,266,72,14,NULL,02-12-2026,Debit Card,Completed,24300
455,19,59,2,NULL,02-12-2026,Debit Card,Cancelled,22700
456,373,82,7,10,02-12-2026,UPI,Completed,10700
457,420,80,8,NULL,04-12-2026,UPI,Pending,7400
458,134,56,10,13,06-12-2026,Cash,Completed,13300
459,180,22,2,17,07-12-2026,Cash,Completed,35000
460,427,19,4,4,07-12-2026,Credit Card,Completed,32800
461,88,98,13,NULL,07-12-2026,Debit Card,Pending,30800
462,399,75,8,NULL,09-12-2026,Cash,Completed,24500
463,44,61,8,NULL,09-12-2026,Cash,Cancelled,4800
464,190,65,2,10,10-12-2026,UPI,Completed,16600
465,49,83,14,NULL,10-12-2026,Debit Card,Pending,31700
466,293,95,1,15,11-12-2026,Cash,Cancelled,26300
467,266,20,1,15,11-12-2026,Cash,Completed,27800
468,340,23,1,8,13-12-2026,Credit Card,Completed,21000
469,479,37,7,14,14-12-2026,Cash,Completed,18800
470,58,72,11,13,14-12-2026,Credit Card,Completed,6100
471,112,56,4,NULL,16-12-2026,UPI,Completed,14300
472,425,32,13,2,16-12-2026,Debit Card,Completed,19800
473,369,87,14,7,17-12-2026,Cash,Completed,5200
474,180,44,7,NULL,18-12-2026,Credit Card,Cancelled,11400
475,299,60,2,11,20-12-2026,UPI,Pending,23500
476,432,15,9,6,22-12-2026,Credit Card,Completed,31000
477,90,5,3,NULL,23-12-2026,UPI,Completed,8900
478,212,38,11,8,23-12-2026,Cash,Completed,14600
479,155,73,1,14,25-12-2026,Debit Card,Completed,26200
480,470,23,5,NULL,25-12-2026,Credit Card,Cancelled,4300
481,270,41,6,12,26-12-2026,UPI,Completed,15600
482,88,86,10,NULL,26-12-2026,Debit Card,Completed,6700
483,149,64,12,3,27-12-2026,Cash,Pending,31900
484,340,11,7,NULL,29-12-2026,UPI,Completed,7500
485,44,92,4,16,29-12-2026,Credit Card,Completed,25400
486,220,9,14,4,30-12-2026,Debit Card,Completed,22100
487,419,95,3,NULL,31-12-2026,Cash,Completed,5400
488,127,14,8,NULL,01-01-2027,Credit Card,Cancelled,3900
489,400,31,1,10,01-01-2027,UPI,Completed,29600
490,57,53,13,NULL,03-01-2027,Debit Card,Completed,13400
491,372,20,5,15,03-01-2027,UPI,Pending,6000
492,198,78,6,7,04-01-2027,Cash,Completed,24600
493,171,85,11,2,05-01-2027,Credit Card,Completed,12900
494,235,17,2,NULL,07-01-2027,Debit Card,Cancelled,27300
495,321,79,14,9,07-01-2027,UPI,Completed,16200
496,283,61,9,NULL,09-01-2027,Cash,Completed,7700
497,13,67,10,13,10-01-2027,Credit Card,Completed,21100
498,347,72,8,NULL,10-01-2027,UPI,Pending,8200
499,492,68,12,17,11-01-2027,Debit Card,Completed,32500
500,165,34,4,1,13-01-2027,Cash,Completed,18000
